{"cameraMode":{"drawMode":0,"name":"Shaded","section":"Shading Mode"},"sceneLighting":false,"audioPlay":false,"sceneViewState":{"showFog":true,"showMaterialUpdate":false,"showSkybox":true,"showFlares":true,"showImageEffects":true,"showParticleSystems":true},"in2DMode":false,"pivot":{"x":-3.448648452758789,"y":-12.795920372009278,"z":2.5473058223724367},"rotation":{"x":0.616185188293457,"y":0.004725819919258356,"z":-0.0036960572469979526,"w":0.7875876426696777},"size":9.871084213256836,"orthographic":false}